# Country and aggregate reference table, read at runtime from $REFERENCE_DATA_DIR.
# Generated by backend/scripts/build_countries_csv.py from iso-codes 4.16.0-1; do not edit by hand.
key,kind,iso2,iso3,iso_numeric,wb_code,sdmx_ref_area,name,region,income_group
ABW,country,AW,ABW,533,ABW,AW,Aruba,,
AFG,country,AF,AFG,004,AFG,AF,Afghanistan,,
AGO,country,AO,AGO,024,AGO,AO,Angola,,
AIA,country,AI,AIA,660,AIA,AI,Anguilla,,
ALA,country,AX,ALA,248,ALA,AX,Åland Islands,,
ALB,country,AL,ALB,008,ALB,AL,Albania,,
AND,country,AD,AND,020,AND,AD,Andorra,,
ARE,country,AE,ARE,784,ARE,AE,United Arab Emirates,,
ARG,country,AR,ARG,032,ARG,AR,Argentina,,
ARM,country,AM,ARM,051,ARM,AM,Armenia,,
ASM,country,AS,ASM,016,ASM,AS,American Samoa,,
ATA,country,AQ,ATA,010,ATA,AQ,Antarctica,,
ATF,country,TF,ATF,260,ATF,TF,French Southern Territories,,
ATG,country,AG,ATG,028,ATG,AG,Antigua and Barbuda,,
AUS,country,AU,AUS,036,AUS,AU,Australia,,
AUT,country,AT,AUT,040,AUT,AT,Austria,,
AZE,country,AZ,AZE,031,AZE,AZ,Azerbaijan,,
BDI,country,BI,BDI,108,BDI,BI,Burundi,,
BEL,country,BE,BEL,056,BEL,BE,Belgium,,
BEN,country,BJ,BEN,204,BEN,BJ,Benin,,
BES,country,BQ,BES,535,BES,BQ,"Bonaire, Sint Eustatius and Saba",,
BFA,country,BF,BFA,854,BFA,BF,Burkina Faso,,
BGD,country,BD,BGD,050,BGD,BD,Bangladesh,,
BGR,country,BG,BGR,100,BGR,BG,Bulgaria,,
BHR,country,BH,BHR,048,BHR,BH,Bahrain,,
BHS,country,BS,BHS,044,BHS,BS,Bahamas,,
BIH,country,BA,BIH,070,BIH,BA,Bosnia and Herzegovina,,
BLM,country,BL,BLM,652,BLM,BL,Saint Barthélemy,,
BLR,country,BY,BLR,112,BLR,BY,Belarus,,
BLZ,country,BZ,BLZ,084,BLZ,BZ,Belize,,
BMU,country,BM,BMU,060,BMU,BM,Bermuda,,
BOL,country,BO,BOL,068,BOL,BO,Bolivia,,
BRA,country,BR,BRA,076,BRA,BR,Brazil,,
BRB,country,BB,BRB,052,BRB,BB,Barbados,,
BRN,country,BN,BRN,096,BRN,BN,Brunei Darussalam,,
BTN,country,BT,BTN,064,BTN,BT,Bhutan,,
BVT,country,BV,BVT,074,BVT,BV,Bouvet Island,,
BWA,country,BW,BWA,072,BWA,BW,Botswana,,
CAF,country,CF,CAF,140,CAF,CF,Central African Republic,,
CAN,country,CA,CAN,124,CAN,CA,Canada,,
CCK,country,CC,CCK,166,CCK,CC,Cocos (Keeling) Islands,,
CHE,country,CH,CHE,756,CHE,CH,Switzerland,,
CHL,country,CL,CHL,152,CHL,CL,Chile,,
CHN,country,CN,CHN,156,CHN,CN,China,,
CIV,country,CI,CIV,384,CIV,CI,Côte d'Ivoire,,
CMR,country,CM,CMR,120,CMR,CM,Cameroon,,
COD,country,CD,COD,180,COD,CD,"Congo, The Democratic Republic of the",,
COG,country,CG,COG,178,COG,CG,Congo,,
COK,country,CK,COK,184,COK,CK,Cook Islands,,
COL,country,CO,COL,170,COL,CO,Colombia,,
COM,country,KM,COM,174,COM,KM,Comoros,,
CPV,country,CV,CPV,132,CPV,CV,Cabo Verde,,
CRI,country,CR,CRI,188,CRI,CR,Costa Rica,,
CUB,country,CU,CUB,192,CUB,CU,Cuba,,
CUW,country,CW,CUW,531,CUW,CW,Curaçao,,
CXR,country,CX,CXR,162,CXR,CX,Christmas Island,,
CYM,country,KY,CYM,136,CYM,KY,Cayman Islands,,
CYP,country,CY,CYP,196,CYP,CY,Cyprus,,
CZE,country,CZ,CZE,203,CZE,CZ,Czechia,,
DEU,country,DE,DEU,276,DEU,DE,Germany,,
DJI,country,DJ,DJI,262,DJI,DJ,Djibouti,,
DMA,country,DM,DMA,212,DMA,DM,Dominica,,
DNK,country,DK,DNK,208,DNK,DK,Denmark,,
DOM,country,DO,DOM,214,DOM,DO,Dominican Republic,,
DZA,country,DZ,DZA,012,DZA,DZ,Algeria,,
ECU,country,EC,ECU,218,ECU,EC,Ecuador,,
EGY,country,EG,EGY,818,EGY,EG,Egypt,,
ERI,country,ER,ERI,232,ERI,ER,Eritrea,,
ESH,country,EH,ESH,732,ESH,EH,Western Sahara,,
ESP,country,ES,ESP,724,ESP,ES,Spain,,
EST,country,EE,EST,233,EST,EE,Estonia,,
ETH,country,ET,ETH,231,ETH,ET,Ethiopia,,
FIN,country,FI,FIN,246,FIN,FI,Finland,,
FJI,country,FJ,FJI,242,FJI,FJ,Fiji,,
FLK,country,FK,FLK,238,FLK,FK,Falkland Islands (Malvinas),,
FRA,country,FR,FRA,250,FRA,FR,France,,
FRO,country,FO,FRO,234,FRO,FO,Faroe Islands,,
FSM,country,FM,FSM,583,FSM,FM,"Micronesia, Federated States of",,
GAB,country,GA,GAB,266,GAB,GA,Gabon,,
GBR,country,GB,GBR,826,GBR,GB,United Kingdom,,
GEO,country,GE,GEO,268,GEO,GE,Georgia,,
GGY,country,GG,GGY,831,GGY,GG,Guernsey,,
GHA,country,GH,GHA,288,GHA,GH,Ghana,,
GIB,country,GI,GIB,292,GIB,GI,Gibraltar,,
GIN,country,GN,GIN,324,GIN,GN,Guinea,,
GLP,country,GP,GLP,312,GLP,GP,Guadeloupe,,
GMB,country,GM,GMB,270,GMB,GM,Gambia,,
GNB,country,GW,GNB,624,GNB,GW,Guinea-Bissau,,
GNQ,country,GQ,GNQ,226,GNQ,GQ,Equatorial Guinea,,
GRC,country,GR,GRC,300,GRC,GR,Greece,,
GRD,country,GD,GRD,308,GRD,GD,Grenada,,
GRL,country,GL,GRL,304,GRL,GL,Greenland,,
GTM,country,GT,GTM,320,GTM,GT,Guatemala,,
GUF,country,GF,GUF,254,GUF,GF,French Guiana,,
GUM,country,GU,GUM,316,GUM,GU,Guam,,
GUY,country,GY,GUY,328,GUY,GY,Guyana,,
HKG,country,HK,HKG,344,HKG,HK,Hong Kong,,
HMD,country,HM,HMD,334,HMD,HM,Heard Island and McDonald Islands,,
HND,country,HN,HND,340,HND,HN,Honduras,,
HRV,country,HR,HRV,191,HRV,HR,Croatia,,
HTI,country,HT,HTI,332,HTI,HT,Haiti,,
HUN,country,HU,HUN,348,HUN,HU,Hungary,,
IDN,country,ID,IDN,360,IDN,ID,Indonesia,,
IMN,country,IM,IMN,833,IMN,IM,Isle of Man,,
IND,country,IN,IND,356,IND,IN,India,,
IOT,country,IO,IOT,086,IOT,IO,British Indian Ocean Territory,,
IRL,country,IE,IRL,372,IRL,IE,Ireland,,
IRN,country,IR,IRN,364,IRN,IR,Iran,,
IRQ,country,IQ,IRQ,368,IRQ,IQ,Iraq,,
ISL,country,IS,ISL,352,ISL,IS,Iceland,,
ISR,country,IL,ISR,376,ISR,IL,Israel,,
ITA,country,IT,ITA,380,ITA,IT,Italy,,
JAM,country,JM,JAM,388,JAM,JM,Jamaica,,
JEY,country,JE,JEY,832,JEY,JE,Jersey,,
JOR,country,JO,JOR,400,JOR,JO,Jordan,,
JPN,country,JP,JPN,392,JPN,JP,Japan,,
KAZ,country,KZ,KAZ,398,KAZ,KZ,Kazakhstan,,
KEN,country,KE,KEN,404,KEN,KE,Kenya,,
KGZ,country,KG,KGZ,417,KGZ,KG,Kyrgyzstan,,
KHM,country,KH,KHM,116,KHM,KH,Cambodia,,
KIR,country,KI,KIR,296,KIR,KI,Kiribati,,
KNA,country,KN,KNA,659,KNA,KN,Saint Kitts and Nevis,,
KOR,country,KR,KOR,410,KOR,KR,South Korea,,
KWT,country,KW,KWT,414,KWT,KW,Kuwait,,
LAO,country,LA,LAO,418,LAO,LA,Laos,,
LBN,country,LB,LBN,422,LBN,LB,Lebanon,,
LBR,country,LR,LBR,430,LBR,LR,Liberia,,
LBY,country,LY,LBY,434,LBY,LY,Libya,,
LCA,country,LC,LCA,662,LCA,LC,Saint Lucia,,
LIE,country,LI,LIE,438,LIE,LI,Liechtenstein,,
LKA,country,LK,LKA,144,LKA,LK,Sri Lanka,,
LSO,country,LS,LSO,426,LSO,LS,Lesotho,,
LTU,country,LT,LTU,440,LTU,LT,Lithuania,,
LUX,country,LU,LUX,442,LUX,LU,Luxembourg,,
LVA,country,LV,LVA,428,LVA,LV,Latvia,,
MAC,country,MO,MAC,446,MAC,MO,Macao,,
MAF,country,MF,MAF,663,MAF,MF,Saint Martin (French part),,
MAR,country,MA,MAR,504,MAR,MA,Morocco,,
MCO,country,MC,MCO,492,MCO,MC,Monaco,,
MDA,country,MD,MDA,498,MDA,MD,Moldova,,
MDG,country,MG,MDG,450,MDG,MG,Madagascar,,
MDV,country,MV,MDV,462,MDV,MV,Maldives,,
MEX,country,MX,MEX,484,MEX,MX,Mexico,,
MHL,country,MH,MHL,584,MHL,MH,Marshall Islands,,
MKD,country,MK,MKD,807,MKD,MK,North Macedonia,,
MLI,country,ML,MLI,466,MLI,ML,Mali,,
MLT,country,MT,MLT,470,MLT,MT,Malta,,
MMR,country,MM,MMR,104,MMR,MM,Myanmar,,
MNE,country,ME,MNE,499,MNE,ME,Montenegro,,
MNG,country,MN,MNG,496,MNG,MN,Mongolia,,
MNP,country,MP,MNP,580,MNP,MP,Northern Mariana Islands,,
MOZ,country,MZ,MOZ,508,MOZ,MZ,Mozambique,,
MRT,country,MR,MRT,478,MRT,MR,Mauritania,,
MSR,country,MS,MSR,500,MSR,MS,Montserrat,,
MTQ,country,MQ,MTQ,474,MTQ,MQ,Martinique,,
MUS,country,MU,MUS,480,MUS,MU,Mauritius,,
MWI,country,MW,MWI,454,MWI,MW,Malawi,,
MYS,country,MY,MYS,458,MYS,MY,Malaysia,,
MYT,country,YT,MYT,175,MYT,YT,Mayotte,,
NAM,country,NA,NAM,516,NAM,NA,Namibia,,
NCL,country,NC,NCL,540,NCL,NC,New Caledonia,,
NER,country,NE,NER,562,NER,NE,Niger,,
NFK,country,NF,NFK,574,NFK,NF,Norfolk Island,,
NGA,country,NG,NGA,566,NGA,NG,Nigeria,,
NIC,country,NI,NIC,558,NIC,NI,Nicaragua,,
NIU,country,NU,NIU,570,NIU,NU,Niue,,
NLD,country,NL,NLD,528,NLD,NL,Netherlands,,
NOR,country,NO,NOR,578,NOR,NO,Norway,,
NPL,country,NP,NPL,524,NPL,NP,Nepal,,
NRU,country,NR,NRU,520,NRU,NR,Nauru,,
NZL,country,NZ,NZL,554,NZL,NZ,New Zealand,,
OMN,country,OM,OMN,512,OMN,OM,Oman,,
PAK,country,PK,PAK,586,PAK,PK,Pakistan,,
PAN,country,PA,PAN,591,PAN,PA,Panama,,
PCN,country,PN,PCN,612,PCN,PN,Pitcairn,,
PER,country,PE,PER,604,PER,PE,Peru,,
PHL,country,PH,PHL,608,PHL,PH,Philippines,,
PLW,country,PW,PLW,585,PLW,PW,Palau,,
PNG,country,PG,PNG,598,PNG,PG,Papua New Guinea,,
POL,country,PL,POL,616,POL,PL,Poland,,
PRI,country,PR,PRI,630,PRI,PR,Puerto Rico,,
PRK,country,KP,PRK,408,PRK,KP,North Korea,,
PRT,country,PT,PRT,620,PRT,PT,Portugal,,
PRY,country,PY,PRY,600,PRY,PY,Paraguay,,
PSE,country,PS,PSE,275,PSE,PS,"Palestine, State of",,
PYF,country,PF,PYF,258,PYF,PF,French Polynesia,,
QAT,country,QA,QAT,634,QAT,QA,Qatar,,
REU,country,RE,REU,638,REU,RE,Réunion,,
ROU,country,RO,ROU,642,ROU,RO,Romania,,
RUS,country,RU,RUS,643,RUS,RU,Russian Federation,,
RWA,country,RW,RWA,646,RWA,RW,Rwanda,,
SAU,country,SA,SAU,682,SAU,SA,Saudi Arabia,,
SDN,country,SD,SDN,729,SDN,SD,Sudan,,
SEN,country,SN,SEN,686,SEN,SN,Senegal,,
SGP,country,SG,SGP,702,SGP,SG,Singapore,,
SGS,country,GS,SGS,239,SGS,GS,South Georgia and the South Sandwich Islands,,
SHN,country,SH,SHN,654,SHN,SH,"Saint Helena, Ascension and Tristan da Cunha",,
SJM,country,SJ,SJM,744,SJM,SJ,Svalbard and Jan Mayen,,
SLB,country,SB,SLB,090,SLB,SB,Solomon Islands,,
SLE,country,SL,SLE,694,SLE,SL,Sierra Leone,,
SLV,country,SV,SLV,222,SLV,SV,El Salvador,,
SMR,country,SM,SMR,674,SMR,SM,San Marino,,
SOM,country,SO,SOM,706,SOM,SO,Somalia,,
SPM,country,PM,SPM,666,SPM,PM,Saint Pierre and Miquelon,,
SRB,country,RS,SRB,688,SRB,RS,Serbia,,
SSD,country,SS,SSD,728,SSD,SS,South Sudan,,
STP,country,ST,STP,678,STP,ST,Sao Tome and Principe,,
SUR,country,SR,SUR,740,SUR,SR,Suriname,,
SVK,country,SK,SVK,703,SVK,SK,Slovakia,,
SVN,country,SI,SVN,705,SVN,SI,Slovenia,,
SWE,country,SE,SWE,752,SWE,SE,Sweden,,
SWZ,country,SZ,SWZ,748,SWZ,SZ,Eswatini,,
SXM,country,SX,SXM,534,SXM,SX,Sint Maarten (Dutch part),,
SYC,country,SC,SYC,690,SYC,SC,Seychelles,,
SYR,country,SY,SYR,760,SYR,SY,Syria,,
TCA,country,TC,TCA,796,TCA,TC,Turks and Caicos Islands,,
TCD,country,TD,TCD,148,TCD,TD,Chad,,
TGO,country,TG,TGO,768,TGO,TG,Togo,,
THA,country,TH,THA,764,THA,TH,Thailand,,
TJK,country,TJ,TJK,762,TJK,TJ,Tajikistan,,
TKL,country,TK,TKL,772,TKL,TK,Tokelau,,
TKM,country,TM,TKM,795,TKM,TM,Turkmenistan,,
TLS,country,TL,TLS,626,TLS,TL,Timor-Leste,,
TON,country,TO,TON,776,TON,TO,Tonga,,
TTO,country,TT,TTO,780,TTO,TT,Trinidad and Tobago,,
TUN,country,TN,TUN,788,TUN,TN,Tunisia,,
TUR,country,TR,TUR,792,TUR,TR,Türkiye,,
TUV,country,TV,TUV,798,TUV,TV,Tuvalu,,
TWN,country,TW,TWN,158,,TW,Taiwan,,
TZA,country,TZ,TZA,834,TZA,TZ,Tanzania,,
UGA,country,UG,UGA,800,UGA,UG,Uganda,,
UKR,country,UA,UKR,804,UKR,UA,Ukraine,,
UMI,country,UM,UMI,581,UMI,UM,United States Minor Outlying Islands,,
URY,country,UY,URY,858,URY,UY,Uruguay,,
USA,country,US,USA,840,USA,US,United States,,
UZB,country,UZ,UZB,860,UZB,UZ,Uzbekistan,,
VAT,country,VA,VAT,336,VAT,VA,Holy See (Vatican City State),,
VCT,country,VC,VCT,670,VCT,VC,Saint Vincent and the Grenadines,,
VEN,country,VE,VEN,862,VEN,VE,Venezuela,,
VGB,country,VG,VGB,092,VGB,VG,"Virgin Islands, British",,
VIR,country,VI,VIR,850,VIR,VI,"Virgin Islands, U.S.",,
VNM,country,VN,VNM,704,VNM,VN,Vietnam,,
VUT,country,VU,VUT,548,VUT,VU,Vanuatu,,
WLF,country,WF,WLF,876,WLF,WF,Wallis and Futuna,,
WSM,country,WS,WSM,882,WSM,WS,Samoa,,
XKX,country,XK,XKX,,XKX,XK,Kosovo,,
YEM,country,YE,YEM,887,YEM,YE,Yemen,,
ZAF,country,ZA,ZAF,710,ZAF,ZA,South Africa,,
ZMB,country,ZM,ZMB,894,ZMB,ZM,Zambia,,
ZWE,country,ZW,ZWE,716,ZWE,ZW,Zimbabwe,,
WLD,aggregate,,,,WLD,,World,,
EMU,aggregate,,,,EMU,,Euro area,,
EUU,aggregate,,,,EUU,,European Union,,
HIC,aggregate,,,,HIC,,High income,,
UMC,aggregate,,,,UMC,,Upper middle income,,
LMC,aggregate,,,,LMC,,Lower middle income,,
LIC,aggregate,,,,LIC,,Low income,,
MIC,aggregate,,,,MIC,,Middle income,,
LMY,aggregate,,,,LMY,,Low & middle income,,
