# BLS series the crawler discovers and fetches, read at runtime by the BLS adapter.
# One BLS series id per line. Lines starting with # are comments.
# Titles, units and frequency are not kept here: the adapter reads them from BLS's own
# survey series files (cu.series, ce.series, la.series, ln.series under
# https://download.bls.gov/pub/time.series/), refreshed by conditional GET on each scheduled
# discovery, and from the API's catalog on each fetch with a key.
# The crawler looks for this file in $CRAWLER_DATA_DIR (the crawler-worker image sets /app/data).
series_id
# CPI-U (CU): headline and major components, seasonally adjusted and not
CUSR0000SA0
CUSR0000SA0L1E
CUSR0000SA0L2
CUSR0000SAF1
CUSR0000SAF11
CUSR0000SEFV
CUSR0000SA0E
CUSR0000SACE
CUSR0000SETB01
CUSR0000SEHF
CUSR0000SEHF01
CUSR0000SEHF02
CUSR0000SAH
CUSR0000SAH1
CUSR0000SEHA
CUSR0000SEHC01
CUSR0000SAC
CUSR0000SACL1E
CUSR0000SAS
CUSR0000SASLE
CUSR0000SAM
CUSR0000SAT
CUSR0000SAA
CUSR0000SETA01
CUSR0000SETA02
CUUR0000SA0
CUUR0000SA0L1E
CUUR0000SA0L2
CUUR0000SAF1
CUUR0000SAF11
CUUR0000SEFV
CUUR0000SA0E
CUUR0000SACE
CUUR0000SETB01
CUUR0000SEHF
CUUR0000SEHF01
CUUR0000SEHF02
CUUR0000SAH
CUUR0000SAH1
CUUR0000SEHA
CUUR0000SEHC01
CUUR0000SAC
CUUR0000SACL1E
CUUR0000SAS
CUUR0000SASLE
CUUR0000SAM
CUUR0000SAT
CUUR0000SAA
CUUR0000SETA01
CUUR0000SETA02
# CES national (CE): payrolls, hours and earnings
CES0000000001
CES0500000001
CES0600000001
CES0700000001
CES0800000001
CES1000000001
CES2000000001
CES3000000001
CES3100000001
CES3200000001
CES4000000001
CES4200000001
CES5000000001
CES5500000001
CES6000000001
CES6500000001
CES7000000001
CES8000000001
CES9000000001
CES9091000001
CES9092000001
CES9093000001
CEU0000000001
CEU0500000001
CEU0600000001
CEU0700000001
CEU0800000001
CEU1000000001
CEU2000000001
CEU3000000001
CEU3100000001
CEU3200000001
CEU4000000001
CEU4200000001
CEU5000000001
CEU5500000001
CEU6000000001
CEU6500000001
CEU7000000001
CEU8000000001
CEU9000000001
CEU9091000001
CEU9092000001
CEU9093000001
CES0500000003
CES0600000003
CES0800000003
CES1000000003
CES2000000003
CES3000000003
CES4000000003
CES5000000003
CES5500000003
CES6000000003
CES6500000003
CES7000000003
CES8000000003
CES0500000002
CES0500000011
CES0500000007
CES0500000008
# CPS labor force (LN): national rates and levels
LNS14000000
LNS11300000
LNS12300000
LNS11000000
LNS12000000
LNS13000000
LNU04000000
LNU01300000
LNU02300000
LNU01000000
LNU02000000
LNU03000000
LNS13327709
LNS11300060
LNS12300060
LNS14000001
LNS14000002
LNS14000003
LNS14000006
LNS14000009
LNS14000012
LNS14027659
LNS14027660
LNS14027689
LNS14027662
LNS13008636
LNS12032194
# LAUS (LA): unemployment rate and labor force for the 50 states and DC
LASST010000000000003
LAUST010000000000003
LASST010000000000006
LASST020000000000003
LAUST020000000000003
LASST020000000000006
LASST040000000000003
LAUST040000000000003
LASST040000000000006
LASST050000000000003
LAUST050000000000003
LASST050000000000006
LASST060000000000003
LAUST060000000000003
LASST060000000000006
LASST080000000000003
LAUST080000000000003
LASST080000000000006
LASST090000000000003
LAUST090000000000003
LASST090000000000006
LASST100000000000003
LAUST100000000000003
LASST100000000000006
LASST110000000000003
LAUST110000000000003
LASST110000000000006
LASST120000000000003
LAUST120000000000003
LASST120000000000006
LASST130000000000003
LAUST130000000000003
LASST130000000000006
LASST150000000000003
LAUST150000000000003
LASST150000000000006
LASST160000000000003
LAUST160000000000003
LASST160000000000006
LASST170000000000003
LAUST170000000000003
LASST170000000000006
LASST180000000000003
LAUST180000000000003
LASST180000000000006
LASST190000000000003
LAUST190000000000003
LASST190000000000006
LASST200000000000003
LAUST200000000000003
LASST200000000000006
LASST210000000000003
LAUST210000000000003
LASST210000000000006
LASST220000000000003
LAUST220000000000003
LASST220000000000006
LASST230000000000003
LAUST230000000000003
LASST230000000000006
LASST240000000000003
LAUST240000000000003
LASST240000000000006
LASST250000000000003
LAUST250000000000003
LASST250000000000006
LASST260000000000003
LAUST260000000000003
LASST260000000000006
LASST270000000000003
LAUST270000000000003
LASST270000000000006
LASST280000000000003
LAUST280000000000003
LASST280000000000006
LASST290000000000003
LAUST290000000000003
LASST290000000000006
LASST300000000000003
LAUST300000000000003
LASST300000000000006
LASST310000000000003
LAUST310000000000003
LASST310000000000006
LASST320000000000003
LAUST320000000000003
LASST320000000000006
LASST330000000000003
LAUST330000000000003
LASST330000000000006
LASST340000000000003
LAUST340000000000003
LASST340000000000006
LASST350000000000003
LAUST350000000000003
LASST350000000000006
LASST360000000000003
LAUST360000000000003
LASST360000000000006
LASST370000000000003
LAUST370000000000003
LASST370000000000006
LASST380000000000003
LAUST380000000000003
LASST380000000000006
LASST390000000000003
LAUST390000000000003
LASST390000000000006
LASST400000000000003
LAUST400000000000003
LASST400000000000006
LASST410000000000003
LAUST410000000000003
LASST410000000000006
LASST420000000000003
LAUST420000000000003
LASST420000000000006
LASST440000000000003
LAUST440000000000003
LASST440000000000006
LASST450000000000003
LAUST450000000000003
LASST450000000000006
LASST460000000000003
LAUST460000000000003
LASST460000000000006
LASST470000000000003
LAUST470000000000003
LASST470000000000006
LASST480000000000003
LAUST480000000000003
LASST480000000000006
LASST490000000000003
LAUST490000000000003
LASST490000000000006
LASST500000000000003
LAUST500000000000003
LASST500000000000006
LASST510000000000003
LAUST510000000000003
LASST510000000000006
LASST530000000000003
LAUST530000000000003
LASST530000000000006
LASST540000000000003
LAUST540000000000003
LASST540000000000006
LASST550000000000003
LAUST550000000000003
LASST550000000000006
LASST560000000000003
LAUST560000000000003
LASST560000000000006
